# scripts/stacks.tsv: one row per stack. Read through scripts/stacks.js, its one reader, by scripts/on-manifest-change.js (restore after a merge), scripts/format-changed.js (pre-push format check) and the project-init skill (scaffold). Commands run through the OS shell.
# Columns, tab-separated: stack | triggers: file patterns, space-separated, matched by path or basename | needs: a file that must exist at the root for the row to fire, or - | restore: command run from the repo root, or - | scaffold: commands joined by " && " with {Name} PascalCase, {name} kebab-case, {template} chosen by project-init, or - | formats: patterns of the files a push publishes that this row formats, or - | format: check-only command, {files} replaced by those paths, or - to skip. Fallbacks separated by " ?? " are tried in order until one tool is installed (the dotnet row prefers a project Husky.NET task runner, then dotnet format). It must not rewrite files; the hook reports and blocks, and git push --no-verify skips it. The formats cell is the contract and the format command trusts it, so the prettier rows pass no --ignore-unknown and an extension prettier cannot parse fails loudly; ADR-0003 is why, and which extensions that admits. The dotnet row loads the project first, so it costs 5-15s on a push touching C#: blank the cell to opt out. A row whose triggers are - only scaffolds: dotnet-aspire is the .NET scaffold for the microservices unit type, and the dotnet row restores and format-checks what it creates.
skills	skills-lock.json	-	node scripts/skills.js install	-	-	-
npm	package-lock.json package.json	package-lock.json	npm install	npm init -y && npm install --save-dev typescript vitest @types/node prettier prettier-plugin-astro && npm pkg set "prettier.plugins[0]=prettier-plugin-astro" && npx tsc --init --rootDir src --outDir dist	*.ts *.tsx *.js *.jsx *.mjs *.cjs *.vue *.astro *.json *.md *.css *.scss *.html *.yml *.yaml	npx --no-install prettier --check {files}
pnpm	pnpm-lock.yaml package.json	pnpm-lock.yaml	pnpm install	pnpm init && pnpm add -D typescript vitest @types/node prettier prettier-plugin-astro && pnpm pkg set "prettier.plugins[0]=prettier-plugin-astro" && pnpm exec tsc --init --rootDir src --outDir dist	*.ts *.tsx *.js *.jsx *.mjs *.cjs *.vue *.astro *.json *.md *.css *.scss *.html *.yml *.yaml	pnpm exec prettier --check {files}
yarn	yarn.lock package.json	yarn.lock	yarn install	yarn init -y && yarn add -D typescript vitest @types/node prettier prettier-plugin-astro && node -e "const p=require('./package.json');p.prettier=p.prettier||{};p.prettier.plugins=p.prettier.plugins||[];p.prettier.plugins[0]='prettier-plugin-astro';require('fs').writeFileSync('package.json',JSON.stringify(p,null,2)+'
')" && yarn tsc --init --rootDir src --outDir dist	*.ts *.tsx *.js *.jsx *.mjs *.cjs *.vue *.astro *.json *.md *.css *.scss *.html *.yml *.yaml	yarn prettier --check {files}
dotnet	*.csproj *.fsproj *.vbproj *.props *.targets packages.lock.json nuget.config global.json	-	dotnet restore	dotnet new sln -n {Name} && dotnet new {template} -o src/{Name} && dotnet new xunit -o tests/{Name}.Tests && dotnet add tests/{Name}.Tests reference src/{Name} && dotnet sln add src/{Name} tests/{Name}.Tests && dotnet new tool-manifest && dotnet tool install husky && dotnet husky install && git config core.hooksPath .githooks	*.cs *.vb *.fs	dotnet husky run --group pre-push ?? dotnet format --no-restore --verify-no-changes --include {files}
dotnet-tools	dotnet-tools.json	-	dotnet tool restore	-	-	-
dotnet-aspire	-	-	-	dotnet new install Aspire.ProjectTemplates && dotnet new sln -n {Name} && dotnet new aspire-apphost -n {Name}.AppHost -o src/{Name}.AppHost && dotnet new aspire-servicedefaults -n {Name}.ServiceDefaults -o src/{Name}.ServiceDefaults && dotnet new aspire-xunit -n {Name}.Tests -o tests/{Name}.Tests && dotnet add tests/{Name}.Tests reference src/{Name}.AppHost && dotnet sln add src/{Name}.AppHost src/{Name}.ServiceDefaults tests/{Name}.Tests && dotnet new tool-manifest && dotnet tool install husky && dotnet husky install && git config core.hooksPath .githooks	-	-
python	uv.lock pyproject.toml	uv.lock	uv sync	uv init {template} --name {name} . && uv add --dev pytest	*.py *.pyi	uv run ruff format --check {files}
